"","year","geo_county","pop","pop_w","pop_b","pop_h","pop_pl","pop_w_pl","pop_b_pl","pop_h_pl"
"1",2005,"adams_county",20400,18942,708,606,2391,2268,34,106
"2",2006,"adams_county",20400,18942,708,606,2391,2268,34,106
"3",2007,"adams_county",20400,18942,708,606,2391,2268,34,106
"4",2008,"adams_county",20400,18942,708,606,2391,2268,34,106
"5",2009,"adams_county",20400,18942,708,606,2391,2268,34,106
"6",2010,"adams_county",21044,19677,695,713,2482,2341,53,132
"7",2011,"adams_county",20956,19509,672,743,2409,2221,32,140
"8",2012,"adams_county",20898,19488,665,783,2249,2088,27,101
"9",2013,"adams_county",20741,19354,691,782,2048,1905,28,88
"10",2014,"adams_county",20604,19243,620,783,2446,2282,11,103
"11",2015,"adams_county",20451,19058,624,784,2704,2549,18,105
"12",2016,"adams_county",20294,18913,646,774,2420,2318,20,60
"13",2017,"adams_county",20111,18697,549,772,2457,2299,16,67
"14",2018,"adams_county",20073,18642,568,781,2794,2598,45,103
"15",2005,"ashland_county",16307,13834,62,317,2790,2139,17,55
"16",2006,"ashland_county",16307,13834,62,317,2790,2139,17,55
"17",2007,"ashland_county",16307,13834,62,317,2790,2139,17,55
"18",2008,"ashland_county",16307,13834,62,317,2790,2139,17,55
"19",2009,"ashland_county",16307,13834,62,317,2790,2139,17,55
"20",2010,"ashland_county",16212,13702,59,298,2893,2205,19,74
"21",2011,"ashland_county",16160,13640,103,306,2933,2089,28,88
"22",2012,"ashland_county",16113,13632,59,303,2781,1914,10,119
"23",2013,"ashland_county",16068,13665,60,326,2886,2068,9,144
"24",2014,"ashland_county",16065,13644,53,352,2618,1865,16,138
"25",2015,"ashland_county",15993,13588,84,368,2398,1655,46,104
"26",2016,"ashland_county",15936,13533,74,392,2347,1634,38,108
"27",2017,"ashland_county",15779,13295,69,417,2215,1551,46,118
"28",2018,"ashland_county",15712,13193,110,438,2161,1409,86,91
"29",2005,"barron_county",45612,43971,243,639,5000,4514,146,135
"30",2006,"barron_county",45612,43971,243,639,5000,4514,146,135
"31",2007,"barron_county",45612,43971,243,639,5000,4514,146,135
"32",2008,"barron_county",45612,43971,243,639,5000,4514,146,135
"33",2009,"barron_county",45612,43971,243,639,5000,4514,146,135
"34",2010,"barron_county",45915,44055,420,856,5392,4865,202,125
"35",2011,"barron_county",45895,44001,432,875,5171,4686,170,119
"36",2012,"barron_county",45882,44073,488,896,5790,5268,262,227
"37",2013,"barron_county",45826,43935,447,946,5782,5428,49,184
"38",2014,"barron_county",45718,43879,548,985,6002,5705,32,144
"39",2015,"barron_county",45686,43704,579,1049,5640,5327,37,166
"40",2016,"barron_county",45548,43591,529,1059,5467,5134,26,188
"41",2017,"barron_county",45358,43402,540,1092,5138,4850,23,144
"42",2018,"barron_county",45252,43086,627,1111,5311,4978,39,145
"43",2005,"bayfield_county",14938,13130,66,156,1556,1089,0,17
"44",2006,"bayfield_county",14938,13130,66,156,1556,1089,0,17
"45",2007,"bayfield_county",14938,13130,66,156,1556,1089,0,17
"46",2008,"bayfield_county",14938,13130,66,156,1556,1089,0,17
"47",2009,"bayfield_county",14938,13130,66,156,1556,1089,0,17
"48",2010,"bayfield_county",15114,13197,71,150,1803,1172,5,20
"49",2011,"bayfield_county",15105,13174,81,154,1975,1194,11,23
"50",2012,"bayfield_county",15078,13106,70,167,2031,1263,13,33
"51",2013,"bayfield_county",15071,13073,76,185,2012,1350,17,50
"52",2014,"bayfield_county",15064,13051,91,199,1914,1311,17,16
"53",2015,"bayfield_county",15050,13000,100,221,1719,1221,17,18
"54",2016,"bayfield_county",14987,12918,92,243,1693,1179,20,41
"55",2017,"bayfield_county",15004,12940,100,261,1629,1151,18,33
"56",2018,"bayfield_county",14992,12908,125,279,1712,1293,12,85
"57",2005,"brown_county",242881,215646,4134,14603,24231,17100,1434,3503
"58",2006,"brown_county",242881,215646,4134,14603,24231,17100,1434,3503
"59",2007,"brown_county",242881,215646,4134,14603,24231,17100,1434,3503
"60",2008,"brown_county",242881,215646,4134,14603,24231,17100,1434,3503
"61",2009,"brown_county",242881,215646,4134,14603,24231,17100,1434,3503
"62",2010,"brown_county",244376,215971,4509,16321,24468,17264,1541,4064
"63",2011,"brown_county",246686,218744,5072,17192,25592,18206,1955,4268
"64",2012,"brown_county",248526,221071,5176,17930,26343,19594,1793,4783
"65",2013,"brown_county",250597,221444,5783,18685,27954,20657,2254,4699
"66",2014,"brown_county",252698,220870,5827,19415,28682,20272,2311,4877
"67",2015,"brown_county",254717,220204,6011,20132,28969,20042,2190,4818
"68",2016,"brown_county",256621,220790,5859,20833,29105,19430,2316,4766
"69",2017,"brown_county",258004,219827,5873,21472,28320,18055,2313,4779
"70",2018,"brown_county",259786,220920,6034,21835,26047,16140,2136,4654
"71",2005,"buffalo_county",13683,13339,10,152,1203,1110,0,52
"72",2006,"buffalo_county",13683,13339,10,152,1203,1110,0,52
"73",2007,"buffalo_county",13683,13339,10,152,1203,1110,0,52
"74",2008,"buffalo_county",13683,13339,10,152,1203,1110,0,52
"75",2009,"buffalo_county",13683,13339,10,152,1203,1110,0,52
"76",2010,"buffalo_county",13744,13350,7,190,1300,1188,0,62
"77",2011,"buffalo_county",13671,13310,28,214,1422,1323,1,60
"78",2012,"buffalo_county",13544,13195,36,241,1517,1449,1,53
"79",2013,"buffalo_county",13466,13104,37,252,1590,1490,0,53
"80",2014,"buffalo_county",13374,13015,51,257,1606,1528,12,30
"81",2015,"buffalo_county",13319,12985,63,264,1500,1428,12,33
"82",2016,"buffalo_county",13256,12929,53,280,1424,1361,10,15
"83",2017,"buffalo_county",13243,12894,65,289,1406,1284,27,30
"84",2018,"buffalo_county",13167,12774,74,273,1224,1142,34,27
"85",2005,"burnett_county",16111,14919,99,190,2696,2286,37,55
"86",2006,"burnett_county",16111,14919,99,190,2696,2286,37,55
"87",2007,"burnett_county",16111,14919,99,190,2696,2286,37,55
"88",2008,"burnett_county",16111,14919,99,190,2696,2286,37,55
"89",2009,"burnett_county",16111,14919,99,190,2696,2286,37,55
"90",2010,"burnett_county",15749,14562,120,193,2844,2379,54,36
"91",2011,"burnett_county",15644,14411,94,193,2739,2315,37,33
"92",2012,"burnett_county",15528,14271,93,205,2843,2413,47,27
"93",2013,"burnett_county",15449,14156,87,216,2596,2142,48,18
"94",2014,"burnett_county",15387,14105,87,222,2461,1974,36,25
"95",2015,"burnett_county",15334,14037,74,239,2371,1886,20,45
"96",2016,"burnett_county",15259,13974,70,235,2402,1933,22,51
"97",2017,"burnett_county",15239,13943,80,255,2192,1747,18,56
"98",2018,"burnett_county",15258,13962,81,270,2050,1642,13,75
"99",2005,"calumet_county",44407,42385,256,989,2497,2130,68,247
"100",2006,"calumet_county",44407,42385,256,989,2497,2130,68,247
"101",2007,"calumet_county",44407,42385,256,989,2497,2130,68,247
"102",2008,"calumet_county",44407,42385,256,989,2497,2130,68,247
"103",2009,"calumet_county",44407,42385,256,989,2497,2130,68,247
"104",2010,"calumet_county",47902,45804,140,1517,2591,2302,47,358
"105",2011,"calumet_county",48434,46262,116,1625,2810,2590,40,397
"106",2012,"calumet_county",48960,46796,96,1703,2720,2461,34,304
"107",2013,"calumet_county",49288,46932,157,1764,3116,2723,52,429
"108",2014,"calumet_county",49502,46918,302,1837,3012,2679,31,443
"109",2015,"calumet_county",49678,47034,387,1931,3434,2961,203,579
"110",2016,"calumet_county",49653,46951,453,1949,3129,2649,196,566
"111",2017,"calumet_county",49737,47144,423,2022,2917,2608,175,342
"112",2018,"calumet_county",49807,47140,420,2069,2826,2592,155,306
"113",2005,"chippewa_county",59872,58167,338,519,5459,5181,6,75
"114",2006,"chippewa_county",59872,58167,338,519,5459,5181,6,75
"115",2007,"chippewa_county",59872,58167,338,519,5459,5181,6,75
"116",2008,"chippewa_county",59872,58167,338,519,5459,5181,6,75
"117",2009,"chippewa_county",59872,58167,338,519,5459,5181,6,75
"118",2010,"chippewa_county",61466,58868,745,771,6433,5918,29,144
"119",2011,"chippewa_county",61969,59261,936,787,6460,6076,12,131
"120",2012,"chippewa_county",62362,59571,904,782,6614,6286,18,123
"121",2013,"chippewa_county",62676,59790,864,821,6734,6393,2,102
"122",2014,"chippewa_county",63051,60064,882,872,6534,6067,1,91
"123",2015,"chippewa_county",63209,60128,859,914,6081,5657,15,128
"124",2016,"chippewa_county",63355,60255,851,972,6753,6327,18,361
"125",2017,"chippewa_county",63445,60211,839,1055,6525,6043,32,396
"126",2018,"chippewa_county",63635,60433,794,1094,6617,6171,35,394
"127",2005,"clark_county",33493,32667,109,657,4171,4009,73,152
"128",2006,"clark_county",33493,32667,109,657,4171,4009,73,152
"129",2007,"clark_county",33493,32667,109,657,4171,4009,73,152
"130",2008,"clark_county",33493,32667,109,657,4171,4009,73,152
"131",2009,"clark_county",33493,32667,109,657,4171,4009,73,152
"132",2010,"clark_county",34552,33723,131,1072,4330,4187,60,198
"133",2011,"clark_county",34625,33747,144,1169,4738,4592,69,268
"134",2012,"clark_county",34610,33724,105,1263,5256,5121,22,280
"135",2013,"clark_county",34630,33748,124,1323,5060,4925,32,240
"136",2014,"clark_county",34575,33642,139,1363,5547,5361,34,300
"137",2015,"clark_county",34518,33524,139,1417,5504,5318,32,358
"138",2016,"clark_county",34486,33301,187,1450,5060,4872,44,213
"139",2017,"clark_county",34513,33301,220,1514,4485,4329,46,221
"140",2018,"clark_county",34491,33223,169,1530,4282,4092,8,274
"141",2005,"columbia_county",54949,52873,651,1137,4132,3953,43,108
"142",2006,"columbia_county",54949,52873,651,1137,4132,3953,43,108
"143",2007,"columbia_county",54949,52873,651,1137,4132,3953,43,108
"144",2008,"columbia_county",54949,52873,651,1137,4132,3953,43,108
"145",2009,"columbia_county",54949,52873,651,1137,4132,3953,43,108
"146",2010,"columbia_county",56350,54011,637,1378,4712,4500,17,136
"147",2011,"columbia_county",56569,54255,692,1423,4742,4465,98,247
"148",2012,"columbia_county",56596,54307,750,1443,4952,4684,100,282
"149",2013,"columbia_county",56647,54269,839,1497,5116,4811,117,340
"150",2014,"columbia_county",56659,54261,876,1553,5059,4741,163,363
"151",2015,"columbia_county",56607,54158,857,1598,4844,4451,178,384
"152",2016,"columbia_county",56650,54028,821,1704,4729,4436,93,366
"153",2017,"columbia_county",56790,54055,770,1771,4585,4274,73,301
"154",2018,"columbia_county",56954,54076,705,1837,4522,4168,85,354
"155",2005,"crawford_county",16845,16189,360,181,1961,1935,10,0
"156",2006,"crawford_county",16845,16189,360,181,1961,1935,10,0
"157",2007,"crawford_county",16845,16189,360,181,1961,1935,10,0
"158",2008,"crawford_county",16845,16189,360,181,1961,1935,10,0
"159",2009,"crawford_county",16845,16189,360,181,1961,1935,10,0
"160",2010,"crawford_county",16801,16232,316,143,2076,2038,6,6
"161",2011,"crawford_county",16755,16204,295,153,1972,1953,2,28
"162",2012,"crawford_county",16677,16117,336,157,1959,1929,5,14
"163",2013,"crawford_county",16578,16010,353,166,1988,1958,9,20
"164",2014,"crawford_county",16525,16106,260,170,1939,1930,2,22
"165",2015,"crawford_county",16483,15862,295,180,2023,1948,27,22
"166",2016,"crawford_county",16415,15762,292,197,2123,2057,23,35
"167",2017,"crawford_county",16313,15585,292,213,2031,1911,19,55
"168",2018,"crawford_county",16288,15542,321,230,1998,1926,20,44
"169",2005,"dane_county",476381,416135,20695,22888,56691,41724,7272,3937
"170",2006,"dane_county",476381,416135,20695,22888,56691,41724,7272,3937
"171",2007,"dane_county",476381,416135,20695,22888,56691,41724,7272,3937
"172",2008,"dane_county",476381,416135,20695,22888,56691,41724,7272,3937
"173",2009,"dane_county",476381,416135,20695,22888,56691,41724,7272,3937
"174",2010,"dane_county",477748,413172,23178,26419,53825,38171,7615,3827
"175",2011,"dane_county",483913,417193,24095,27825,56128,38837,8370,4430
"176",2012,"dane_county",490379,421323,24798,28848,58533,40461,8848,5481
"177",2013,"dane_county",496762,424627,25375,29856,62168,42027,9579,6987
"178",2014,"dane_county",502984,427117,25851,30662,64918,42775,9945,8312
"179",2015,"dane_county",510198,430716,26527,31486,64062,42363,9867,8520
"180",2016,"dane_county",516818,434792,26699,32088,63673,42371,8661,9059
"181",2017,"dane_county",522837,438930,26715,32985,63003,42947,8119,8859
"182",2018,"dane_county",529843,443347,27334,33285,61414,42202,7470,7747
"183",2005,"dodge_county",87597,82877,2541,3041,5988,5541,117,730
"184",2006,"dodge_county",87597,82877,2541,3041,5988,5541,117,730
"185",2007,"dodge_county",87597,82877,2541,3041,5988,5541,117,730
"186",2008,"dodge_county",87597,82877,2541,3041,5988,5541,117,730
"187",2009,"dodge_county",87597,82877,2541,3041,5988,5541,117,730
"188",2010,"dodge_county",88935,84142,2391,3389,6345,5861,98,789
"189",2011,"dodge_county",88867,84115,2456,3475,6868,6342,151,545
"190",2012,"dodge_county",88741,83809,2453,3532,6909,6404,121,559
"191",2013,"dodge_county",88598,83898,2452,3652,7448,6947,115,519
"192",2014,"dodge_county",88589,83652,2409,3784,7664,7107,204,441
"193",2015,"dodge_county",88547,83078,1856,3890,7658,7146,96,452
"194",2016,"dodge_county",88404,82988,1870,3965,7384,7043,63,453
"195",2017,"dodge_county",87833,82283,2144,4049,7293,6931,86,542
"196",2018,"dodge_county",87776,81999,2412,4106,7217,6686,148,606
"197",2005,"door_county",27901,27055,113,366,1719,1529,79,74
"198",2006,"door_county",27901,27055,113,366,1719,1529,79,74
"199",2007,"door_county",27901,27055,113,366,1719,1529,79,74
"200",2008,"door_county",27901,27055,113,366,1719,1529,79,74
"201",2009,"door_county",27901,27055,113,366,1719,1529,79,74
"202",2010,"door_county",27959,26965,174,588,2137,1797,151,203
"203",2011,"door_county",27893,26860,182,623,2542,2130,125,240
"204",2012,"door_county",27872,26827,140,671,3120,2810,72,206
"205",2013,"door_county",27826,26847,134,706,2756,2431,34,232
"206",2014,"door_county",27789,26818,128,727,3193,2814,41,289
"207",2015,"door_county",27731,26793,150,731,2766,2462,54,182
"208",2016,"door_county",27669,26775,176,762,2451,2310,11,101
"209",2017,"door_county",27443,26488,191,785,2282,2083,8,80
"210",2018,"door_county",27439,26455,184,819,2236,2080,6,103
"211",2005,"douglas_county",43954,41597,345,475,5567,5057,42,53
"212",2006,"douglas_county",43954,41597,345,475,5567,5057,42,53
"213",2007,"douglas_county",43954,41597,345,475,5567,5057,42,53
"214",2008,"douglas_county",43954,41597,345,475,5567,5057,42,53
"215",2009,"douglas_county",43954,41597,345,475,5567,5057,42,53
"216",2010,"douglas_county",43907,41210,499,572,5390,4769,118,52
"217",2011,"douglas_county",43964,41128,509,555,5470,4856,113,56
"218",2012,"douglas_county",43963,40981,596,511,5746,5258,114,70
"219",2013,"douglas_county",43994,40988,583,531,6395,5888,88,111
"220",2014,"douglas_county",43901,40817,509,557,6593,5858,113,174
"221",2015,"douglas_county",43799,40710,483,588,6713,5973,150,192
"222",2016,"douglas_county",43705,40624,515,623,6577,5726,141,244
"223",2017,"douglas_county",43503,40475,533,657,5983,5143,136,285
"224",2018,"douglas_county",43402,40314,560,671,5285,4585,90,179
"225",2005,"dunn_county",42416,40336,135,454,5895,5399,33,146
"226",2006,"dunn_county",42416,40336,135,454,5895,5399,33,146
"227",2007,"dunn_county",42416,40336,135,454,5895,5399,33,146
"228",2008,"dunn_county",42416,40336,135,454,5895,5399,33,146
"229",2009,"dunn_county",42416,40336,135,454,5895,5399,33,146
"230",2010,"dunn_county",43365,41142,218,623,6085,5554,55,186
"231",2011,"dunn_county",43597,41314,284,637,6213,5858,63,186
"232",2012,"dunn_county",43788,41585,222,635,6586,6170,83,209
"233",2013,"dunn_county",43871,41648,233,671,6353,5905,79,236
"234",2014,"dunn_county",44045,41690,243,702,6123,5753,66,226
"235",2015,"dunn_county",44159,41696,264,746,6140,5704,61,292
"236",2016,"dunn_county",44348,41845,220,771,5768,5265,46,238
"237",2017,"dunn_county",44260,41618,270,801,5209,4779,55,222
"238",2018,"dunn_county",44498,41816,291,817,5050,4570,85,230
"239",2005,"eau_claire_county",97422,91705,858,1294,13418,11840,309,303
"240",2006,"eau_claire_county",97422,91705,858,1294,13418,11840,309,303
"241",2007,"eau_claire_county",97422,91705,858,1294,13418,11840,309,303
"242",2008,"eau_claire_county",97422,91705,858,1294,13418,11840,309,303
"243",2009,"eau_claire_county",97422,91705,858,1294,13418,11840,309,303
"244",2010,"eau_claire_county",97381,91089,844,1762,13607,11790,393,420
"245",2011,"eau_claire_county",98168,91622,956,1846,14103,12268,497,454
"246",2012,"eau_claire_county",98952,92174,922,1899,14754,12568,484,559
"247",2013,"eau_claire_county",99788,92961,768,1980,14928,13238,342,432
"248",2014,"eau_claire_county",100607,93700,714,2088,14753,13031,260,552
"249",2015,"eau_claire_county",101281,93940,747,2212,14862,12934,271,782
"250",2016,"eau_claire_county",101907,94470,846,2275,14233,12260,307,729
"251",2017,"eau_claire_county",102388,94715,869,2389,14197,12123,284,975
"252",2018,"eau_claire_county",102991,94925,938,2448,14271,12203,321,1104
"253",2005,"florence_county",4721,4654,0,13,744,713,0,0
"254",2006,"florence_county",4721,4654,0,13,744,713,0,0
"255",2007,"florence_county",4721,4654,0,13,744,713,0,0
"256",2008,"florence_county",4721,4654,0,13,744,713,0,0
"257",2009,"florence_county",4721,4654,0,13,744,713,0,0
"258",2010,"florence_county",4587,4427,0,8,658,561,0,0
"259",2011,"florence_county",4518,4313,0,15,629,539,0,0
"260",2012,"florence_county",4486,4239,0,34,592,485,0,0
"261",2013,"florence_county",4477,4268,0,34,634,530,0,0
"262",2014,"florence_county",4473,4301,8,40,459,371,0,6
"263",2015,"florence_county",4476,4407,9,45,409,409,0,5
"264",2016,"florence_county",4474,4428,11,46,353,353,0,4
"265",2017,"florence_county",4354,4327,12,38,362,362,0,4
"266",2018,"florence_county",4337,4275,13,61,420,413,0,6
"267",2005,"fond_du_lac_county",99336,94064,1061,3331,8443,6770,518,745
"268",2006,"fond_du_lac_county",99336,94064,1061,3331,8443,6770,518,745
"269",2007,"fond_du_lac_county",99336,94064,1061,3331,8443,6770,518,745
"270",2008,"fond_du_lac_county",99336,94064,1061,3331,8443,6770,518,745
"271",2009,"fond_du_lac_county",99336,94064,1061,3331,8443,6770,518,745
"272",2010,"fond_du_lac_county",100919,95487,1127,4038,9045,7290,430,953
"273",2011,"fond_du_lac_county",101351,95758,1054,4244,9348,7635,322,1121
"274",2012,"fond_du_lac_county",101577,95928,1068,4373,9469,7944,291,1031
"275",2013,"fond_du_lac_county",101666,95439,1135,4536,9628,8096,266,1108
"276",2014,"fond_du_lac_county",101709,95345,1211,4665,9801,8237,404,1096
"277",2015,"fond_du_lac_county",101920,95382,1187,4849,9071,7708,339,1129
"278",2016,"fond_du_lac_county",101968,95247,1187,4912,8497,7163,443,844
"279",2017,"fond_du_lac_county",102082,95044,1247,5072,8387,7046,392,965
"280",2018,"fond_du_lac_county",102315,95324,1416,5125,8920,7656,401,1104
"281",2005,"forest_county",9764,8186,162,171,1686,1105,111,58
"282",2006,"forest_county",9764,8186,162,171,1686,1105,111,58
"283",2007,"forest_county",9764,8186,162,171,1686,1105,111,58
"284",2008,"forest_county",9764,8186,162,171,1686,1105,111,58
"285",2009,"forest_county",9764,8186,162,171,1686,1105,111,58
"286",2010,"forest_county",9534,7908,126,135,1742,1111,89,52
"287",2011,"forest_county",9439,7819,67,137,1690,1124,44,33
"288",2012,"forest_county",9361,7719,79,144,1457,976,52,48
"289",2013,"forest_county",9255,7633,79,155,1484,995,51,55
"290",2014,"forest_county",9198,7591,95,167,1598,1019,61,74
"291",2015,"forest_county",9150,7527,45,180,1505,990,17,84
"292",2016,"forest_county",9108,7411,116,185,1520,929,57,101
"293",2017,"forest_county",9035,7313,80,196,1541,966,47,90
"294",2018,"forest_county",9018,7267,68,208,1426,859,46,64
"295",2005,"grant_county",48969,47647,534,388,5745,5460,76,89
"296",2006,"grant_county",48969,47647,534,388,5745,5460,76,89
"297",2007,"grant_county",48969,47647,534,388,5745,5460,76,89
"298",2008,"grant_county",48969,47647,534,388,5745,5460,76,89
"299",2009,"grant_county",48969,47647,534,388,5745,5460,76,89
"300",2010,"grant_county",50716,49425,577,612,6232,5987,71,183
"301",2011,"grant_county",50944,49587,509,644,7166,6881,141,168
"302",2012,"grant_county",51055,49661,589,637,7341,7094,89,158
"303",2013,"grant_county",51080,49545,621,655,7793,7504,108,195
"304",2014,"grant_county",51272,49618,675,671,7851,7559,105,219
"305",2015,"grant_county",51489,49809,671,697,7318,7113,89,183
"306",2016,"grant_county",51723,49966,740,733,7335,6963,172,222
"307",2017,"grant_county",51742,49909,678,791,7323,6873,202,251
"308",2018,"grant_county",51828,49993,726,831,7135,6731,260,176
"309",2005,"green_county",35631,34800,241,573,3095,2913,109,245
"310",2006,"green_county",35631,34800,241,573,3095,2913,109,245
"311",2007,"green_county",35631,34800,241,573,3095,2913,109,245
"312",2008,"green_county",35631,34800,241,573,3095,2913,109,245
"313",2009,"green_county",35631,34800,241,573,3095,2913,109,245
"314",2010,"green_county",36448,35614,204,871,3248,3117,65,395
"315",2011,"green_county",36653,35768,193,948,3507,3355,72,350
"316",2012,"green_county",36800,35912,202,992,3439,3290,59,333
"317",2013,"green_county",36901,36011,121,1036,3770,3600,31,337
"318",2014,"green_county",36971,36028,93,1057,3500,3255,24,261
"319",2015,"green_county",37044,36006,110,1072,3253,2979,28,243
"320",2016,"green_county",37050,36034,139,1100,3243,2975,26,279
"321",2017,"green_county",36869,35652,146,1112,3232,2922,25,308
"322",2018,"green_county",36864,35466,166,1110,2768,2426,28,98
"323",2005,"green_lake_county",18646,18202,114,545,1494,1400,63,119
"324",2006,"green_lake_county",18646,18202,114,545,1494,1400,63,119
"325",2007,"green_lake_county",18646,18202,114,545,1494,1400,63,119
"326",2008,"green_lake_county",18646,18202,114,545,1494,1400,63,119
"327",2009,"green_lake_county",18646,18202,114,545,1494,1400,63,119
"328",2010,"green_lake_county",19107,18692,100,655,1968,1875,62,201
"329",2011,"green_lake_county",19089,18598,89,702,2007,1969,13,176
"330",2012,"green_lake_county",19064,18532,93,761,1922,1884,8,197
"331",2013,"green_lake_county",19042,18398,74,804,2166,2097,9,315
"332",2014,"green_lake_county",19001,18224,93,823,2282,2170,35,242
"333",2015,"green_lake_county",18966,18229,102,863,2274,2176,32,254
"334",2016,"green_lake_county",18881,18155,110,864,2076,1967,37,244
"335",2017,"green_lake_county",18745,18019,125,866,2113,1998,37,201
"336",2018,"green_lake_county",18757,18068,180,898,2049,1957,52,193
"337",2005,"iowa_county",23513,23058,104,191,1573,1495,15,54
"338",2006,"iowa_county",23513,23058,104,191,1573,1495,15,54
"339",2007,"iowa_county",23513,23058,104,191,1573,1495,15,54
"340",2008,"iowa_county",23513,23058,104,191,1573,1495,15,54
"341",2009,"iowa_county",23513,23058,104,191,1573,1495,15,54
"342",2010,"iowa_county",23646,23184,140,296,1682,1582,25,83
"343",2011,"iowa_county",23646,23178,82,313,1887,1800,39,41
"344",2012,"iowa_county",23712,23236,73,338,2008,1947,32,2
"345",2013,"iowa_county",23709,23179,87,357,2295,2225,38,30
"346",2014,"iowa_county",23754,23063,84,380,2347,2275,34,38
"347",2015,"iowa_county",23769,23049,98,396,2448,2377,24,42
"348",2016,"iowa_county",23751,22996,119,393,2277,2169,13,38
"349",2017,"iowa_county",23576,22784,165,403,2100,2023,14,52
"350",2018,"iowa_county",23620,22817,194,411,1806,1717,17,42
"351",2005,"iron_county",6267,6165,0,87,861,840,0,9
"352",2006,"iron_county",6267,6165,0,87,861,840,0,9
"353",2007,"iron_county",6267,6165,0,87,861,840,0,9
"354",2008,"iron_county",6267,6165,0,87,861,840,0,9
"355",2009,"iron_county",6267,6165,0,87,861,840,0,9
"356",2010,"iron_county",6075,5932,1,16,918,899,1,1
"357",2011,"iron_county",6008,5873,38,23,926,898,6,13
"358",2012,"iron_county",5978,5848,27,27,957,932,4,9
"359",2013,"iron_county",5937,5797,18,35,951,924,4,11
"360",2014,"iron_county",5927,5759,41,46,852,805,18,23
"361",2015,"iron_county",5907,5737,26,54,653,606,16,14
"362",2016,"iron_county",5850,5660,39,61,726,667,29,11
"363",2017,"iron_county",5748,5562,36,68,851,794,22,15
"364",2018,"iron_county",5715,5519,47,73,822,744,32,19
"365",2005,"jackson_county",19775,17778,512,554,2390,2144,15,83
"366",2006,"jackson_county",19775,17778,512,554,2390,2144,15,83
"367",2007,"jackson_county",19775,17778,512,554,2390,2144,15,83
"368",2008,"jackson_county",19775,17778,512,554,2390,2144,15,83
"369",2009,"jackson_county",19775,17778,512,554,2390,2144,15,83
"370",2010,"jackson_county",20284,18212,516,499,3097,2751,15,122
"371",2011,"jackson_county",20395,18240,516,516,3095,2613,12,140
"372",2012,"jackson_county",20436,18249,532,545,3121,2649,15,163
"373",2013,"jackson_county",20506,18322,526,574,3228,2695,58,221
"374",2014,"jackson_county",20543,18244,446,606,3327,2787,20,220
"375",2015,"jackson_county",20543,18129,468,638,2810,2383,33,189
"376",2016,"jackson_county",20566,18151,412,634,2536,2203,31,172
"377",2017,"jackson_county",20531,18112,460,662,2502,2117,71,132
"378",2018,"jackson_county",20506,17950,436,671,2274,1857,40,111
"379",2005,"jefferson_county",79868,77061,377,4517,6125,5721,4,937
"380",2006,"jefferson_county",79868,77061,377,4517,6125,5721,4,937
"381",2007,"jefferson_county",79868,77061,377,4517,6125,5721,4,937
"382",2008,"jefferson_county",79868,77061,377,4517,6125,5721,4,937
"383",2009,"jefferson_county",79868,77061,377,4517,6125,5721,4,937
"384",2010,"jefferson_county",82778,79562,516,5148,7196,6542,50,1336
"385",2011,"jefferson_county",83308,79881,643,5386,7562,6909,67,1336
"386",2012,"jefferson_county",83751,79958,610,5574,8074,7455,61,1171
"387",2013,"jefferson_county",83985,79945,604,5654,9089,8321,82,1466
"388",2014,"jefferson_county",84201,79693,631,5723,9064,8065,176,1426
"389",2015,"jefferson_county",84345,79716,699,5816,8597,7690,172,1307
"390",2016,"jefferson_county",84538,79778,701,5821,8350,7511,191,1427
"391",2017,"jefferson_county",84586,79739,735,5891,7977,7155,143,1338
"392",2018,"jefferson_county",84652,79520,727,5924,7282,6577,128,1028
"393",2005,"juneau_county",26493,24832,219,556,3025,2749,9,161
"394",2006,"juneau_county",26493,24832,219,556,3025,2749,9,161
"395",2007,"juneau_county",26493,24832,219,556,3025,2749,9,161
"396",2008,"juneau_county",26493,24832,219,556,3025,2749,9,161
"397",2009,"juneau_county",26493,24832,219,556,3025,2749,9,161
"398",2010,"juneau_county",26733,25262,315,640,2929,2614,63,154
"399",2011,"juneau_county",26741,25238,326,659,3271,2947,72,139
"400",2012,"juneau_county",26701,25249,407,699,3405,3049,135,116
"401",2013,"juneau_county",26673,25175,487,724,3490,3195,99,110
"402",2014,"juneau_county",26607,25115,575,743,3512,3252,94,86
"403",2015,"juneau_county",26494,24991,622,757,3567,3310,98,134
"404",2016,"juneau_county",26399,24911,621,778,3244,3019,97,130
"405",2017,"juneau_county",26427,24843,620,782,3545,3368,38,147
"406",2018,"juneau_county",26419,24829,620,788,3561,3326,45,138
"407",2005,"kenosha_county",162740,139732,9527,15420,17651,12456,2854,3121
"408",2006,"kenosha_county",162740,139732,9527,15420,17651,12456,2854,3121
"409",2007,"kenosha_county",162740,139732,9527,15420,17651,12456,2854,3121
"410",2008,"kenosha_county",162740,139732,9527,15420,17651,12456,2854,3121
"411",2009,"kenosha_county",162740,139732,9527,15420,17651,12456,2854,3121
"412",2010,"kenosha_county",164328,139256,10836,18038,18733,13037,3048,4037
"413",2011,"kenosha_county",165467,141911,11212,18830,18663,13795,2865,4100
"414",2012,"kenosha_county",166373,143577,11440,19510,19766,14390,3396,4551
"415",2013,"kenosha_county",166874,145768,11655,19992,22761,16877,4063,5534
"416",2014,"kenosha_county",167268,146220,11947,20448,24861,18270,4497,6247
"417",2015,"kenosha_county",167738,146732,12381,20837,24823,17897,5077,5365
"418",2016,"kenosha_county",167896,145980,12406,21080,24708,17488,5286,5199
"419",2017,"kenosha_county",167886,144109,12611,21354,23594,16921,4711,5226
"420",2018,"kenosha_county",168330,144087,12636,21745,22308,16012,3933,4615
"421",2005,"kewaunee_county",20398,19918,10,326,1356,1226,7,112
"422",2006,"kewaunee_county",20398,19918,10,326,1356,1226,7,112
"423",2007,"kewaunee_county",20398,19918,10,326,1356,1226,7,112
"424",2008,"kewaunee_county",20398,19918,10,326,1356,1226,7,112
"425",2009,"kewaunee_county",20398,19918,10,326,1356,1226,7,112
"426",2010,"kewaunee_county",20642,20095,24,410,1678,1538,5,143
"427",2011,"kewaunee_county",20613,20079,71,438,1762,1654,4,193
"428",2012,"kewaunee_county",20600,19998,91,469,1801,1690,13,120
"429",2013,"kewaunee_county",20578,19976,100,476,1918,1753,52,125
"430",2014,"kewaunee_county",20545,19945,80,479,2041,1828,43,162
"431",2015,"kewaunee_county",20483,19890,64,492,1800,1580,55,166
"432",2016,"kewaunee_county",20459,19838,74,512,1817,1607,57,152
"433",2017,"kewaunee_county",20378,19744,93,560,1851,1653,48,179
"434",2018,"kewaunee_county",20360,19723,81,572,1703,1573,19,130
"435",2005,"la_crosse_county",111491,104150,1350,1271,15489,13427,553,253
"436",2006,"la_crosse_county",111491,104150,1350,1271,15489,13427,553,253
"437",2007,"la_crosse_county",111491,104150,1350,1271,15489,13427,553,253
"438",2008,"la_crosse_county",111491,104150,1350,1271,15489,13427,553,253
"439",2009,"la_crosse_county",111491,104150,1350,1271,15489,13427,553,253
"440",2010,"la_crosse_county",112819,104253,1699,1685,14557,12488,620,303
"441",2011,"la_crosse_county",113805,104910,1855,1748,15174,12954,663,413
"442",2012,"la_crosse_county",114718,105570,1912,1755,15051,12840,653,556
"443",2013,"la_crosse_county",115420,105876,1819,1823,15458,13563,523,537
"444",2014,"la_crosse_county",116470,106647,1700,1902,15660,13614,508,372
"445",2015,"la_crosse_county",117048,107081,1626,1990,16616,14324,468,597
"446",2016,"la_crosse_county",117538,107415,1446,2027,16675,14110,505,610
"447",2017,"la_crosse_county",117582,107183,1578,2101,16246,13843,507,722
"448",2018,"la_crosse_county",117850,107388,1711,2182,14874,12769,589,546
"449",2005,"lafayette_county",15883,15653,56,217,1328,1290,7,61
"450",2006,"lafayette_county",15883,15653,56,217,1328,1290,7,61
"451",2007,"lafayette_county",15883,15653,56,217,1328,1290,7,61
"452",2008,"lafayette_county",15883,15653,56,217,1328,1290,7,61
"453",2009,"lafayette_county",15883,15653,56,217,1328,1290,7,61
"454",2010,"lafayette_county",16775,16472,40,418,1507,1471,9,73
"455",2011,"lafayette_county",16783,16629,29,469,1640,1628,4,91
"456",2012,"lafayette_county",16836,16547,80,533,1916,1865,38,176
"457",2013,"lafayette_county",16841,16469,49,561,1952,1921,22,126
"458",2014,"lafayette_county",16847,16302,54,577,1862,1835,17,170
"459",2015,"lafayette_county",16835,16298,65,595,1800,1763,20,174
"460",2016,"lafayette_county",16793,16280,57,589,1863,1816,17,191
"461",2017,"lafayette_county",16755,16246,70,605,1730,1676,9,117
"462",2018,"lafayette_county",16735,16248,107,625,1782,1717,19,124
"463",2005,"langlade_county",20255,19630,80,256,2340,2236,26,24
"464",2006,"langlade_county",20255,19630,80,256,2340,2236,26,24
"465",2007,"langlade_county",20255,19630,80,256,2340,2236,26,24
"466",2008,"langlade_county",20255,19630,80,256,2340,2236,26,24
"467",2009,"langlade_county",20255,19630,80,256,2340,2236,26,24
"468",2010,"langlade_county",20218,19500,130,283,2179,2048,41,86
"469",2011,"langlade_county",20090,19298,116,305,2310,2153,0,141
"470",2012,"langlade_county",19951,19126,102,340,2590,2343,0,210
"471",2013,"langlade_county",19838,18966,141,351,2818,2495,49,228
"472",2014,"langlade_county",19706,18866,118,367,3069,2762,53,191
"473",2015,"langlade_county",19551,18806,152,373,3063,2798,103,92
"474",2016,"langlade_county",19414,18648,169,363,3026,2763,100,136
"475",2017,"langlade_county",19190,18373,184,357,2779,2541,118,111
"476",2018,"langlade_county",19164,18308,153,368,2643,2462,81,48
"477",2005,"lincoln_county",29632,28714,18,365,3032,2795,0,151
"478",2006,"lincoln_county",29632,28714,18,365,3032,2795,0,151
"479",2007,"lincoln_county",29632,28714,18,365,3032,2795,0,151
"480",2008,"lincoln_county",29632,28714,18,365,3032,2795,0,151
"481",2009,"lincoln_county",29632,28714,18,365,3032,2795,0,151
"482",2010,"lincoln_county",29075,28301,64,332,2859,2668,20,85
"483",2011,"lincoln_county",28914,28089,212,338,2997,2775,37,94
"484",2012,"lincoln_county",28710,27862,252,342,2935,2775,40,58
"485",2013,"lincoln_county",28650,27827,223,357,3088,2990,31,62
"486",2014,"lincoln_county",28566,27626,229,377,3032,2836,47,97
"487",2015,"lincoln_county",28286,27426,147,379,2800,2594,34,59
"488",2016,"lincoln_county",28171,27293,189,392,2616,2534,22,65
"489",2017,"lincoln_county",27994,27150,150,404,2510,2448,11,107
"490",2018,"lincoln_county",27848,26978,169,421,2474,2406,13,93
"491",2005,"manitowoc_county",80802,76777,536,2039,6800,6009,296,521
"492",2006,"manitowoc_county",80802,76777,536,2039,6800,6009,296,521
"493",2007,"manitowoc_county",80802,76777,536,2039,6800,6009,296,521
"494",2008,"manitowoc_county",80802,76777,536,2039,6800,6009,296,521
"495",2009,"manitowoc_county",80802,76777,536,2039,6800,6009,296,521
"496",2010,"manitowoc_county",81678,77336,599,2336,7178,6147,291,503
"497",2011,"manitowoc_county",81496,77056,581,2452,7436,6394,273,485
"498",2012,"manitowoc_county",81266,76812,408,2530,7260,6364,150,545
"499",2013,"manitowoc_county",81098,76570,424,2637,7758,6602,195,545
"500",2014,"manitowoc_county",80805,76311,441,2679,7878,6553,223,638
"501",2015,"manitowoc_county",80521,76148,375,2782,7957,6950,176,608
"502",2016,"manitowoc_county",80178,75800,441,2856,8143,7037,178,494
"503",2017,"manitowoc_county",79680,75329,571,2945,8036,6701,285,344
"504",2018,"manitowoc_county",79407,74896,719,3044,8303,6716,396,374
"505",2005,"marathon_county",129803,120418,604,1709,10128,8039,163,399
"506",2006,"marathon_county",129803,120418,604,1709,10128,8039,163,399
"507",2007,"marathon_county",129803,120418,604,1709,10128,8039,163,399
"508",2008,"marathon_county",129803,120418,604,1709,10128,8039,163,399
"509",2009,"marathon_county",129803,120418,604,1709,10128,8039,163,399
"510",2010,"marathon_county",132644,122106,651,2645,11415,8794,123,622
"511",2011,"marathon_county",133420,122729,633,2821,12327,9633,157,670
"512",2012,"marathon_county",134041,123161,693,2966,13693,10692,183,679
"513",2013,"marathon_county",134497,123454,803,3145,14482,11243,180,1067
"514",2014,"marathon_county",134886,123623,912,3259,15171,11392,359,1074
"515",2015,"marathon_county",135177,123851,950,3392,14095,10921,373,1115
"516",2016,"marathon_county",135367,123898,889,3503,14825,11055,301,1199
"517",2017,"marathon_county",135293,123418,936,3624,13754,10275,356,1433
"518",2018,"marathon_county",135264,122856,883,3636,12468,9506,249,1072
"519",2005,"marinette_county",42366,41262,111,435,5168,4974,0,130
"520",2006,"marinette_county",42366,41262,111,435,5168,4974,0,130
"521",2007,"marinette_county",42366,41262,111,435,5168,4974,0,130
"522",2008,"marinette_county",42366,41262,111,435,5168,4974,0,130
"523",2009,"marinette_county",42366,41262,111,435,5168,4974,0,130
"524",2010,"marinette_county",42019,40938,120,533,5464,5241,0,193
"525",2011,"marinette_county",41878,40766,129,541,5205,4902,22,208
"526",2012,"marinette_county",41704,40481,117,540,5289,5041,30,137
"527",2013,"marinette_county",41632,40423,130,570,5347,5077,51,175
"528",2014,"marinette_county",41488,40151,120,592,5242,4950,40,125
"529",2015,"marinette_county",41287,39935,153,623,5168,4875,46,105
"530",2016,"marinette_county",41090,39808,167,612,5254,5021,50,133
"531",2017,"marinette_county",40712,39428,263,631,5224,4958,74,122
"532",2018,"marinette_county",40537,39168,284,669,5236,4962,70,94
"533",2005,"marquette_county",14884,14465,55,300,1641,1563,0,44
"534",2006,"marquette_county",14884,14465,55,300,1641,1563,0,44
"535",2007,"marquette_county",14884,14465,55,300,1641,1563,0,44
"536",2008,"marquette_county",14884,14465,55,300,1641,1563,0,44
"537",2009,"marquette_county",14884,14465,55,300,1641,1563,0,44
"538",2010,"marquette_county",15421,14982,42,329,1665,1592,0,57
"539",2011,"marquette_county",15426,15005,77,355,1935,1859,37,78
"540",2012,"marquette_county",15366,14929,47,394,2101,2050,19,95
"541",2013,"marquette_county",15308,14785,50,413,2061,1996,16,101
"542",2014,"marquette_county",15224,14706,69,431,1966,1895,28,115
"543",2015,"marquette_county",15140,14614,66,446,2069,2020,3,120
"544",2016,"marquette_county",15082,14448,75,455,1730,1664,8,50
"545",2017,"marquette_county",15164,14544,93,478,1752,1680,2,127
"546",2018,"marquette_county",15207,14606,94,495,1702,1663,3,148
"547",2005,"menominee_county",4537,602,24,381,1309,25,0,28
"548",2006,"menominee_county",4537,602,24,381,1309,25,0,28
"549",2007,"menominee_county",4537,602,24,381,1309,25,0,28
"550",2008,"menominee_county",4537,602,24,381,1309,25,0,28
"551",2009,"menominee_county",4537,602,24,381,1309,25,0,28
"552",2010,"menominee_county",4251,545,25,250,1344,15,0,7
"553",2011,"menominee_county",4262,606,39,250,1250,49,3,4
"554",2012,"menominee_county",4274,595,35,105,978,54,3,3
"555",2013,"menominee_county",4292,557,4,111,1329,60,2,43
"556",2014,"menominee_county",4382,566,15,228,1263,73,4,100
"557",2015,"menominee_county",4451,490,19,246,1535,62,3,149
"558",2016,"menominee_county",4457,426,14,254,1449,42,4,126
"559",2017,"menominee_county",4506,421,22,270,1590,44,6,131
"560",2018,"menominee_county",4579,468,21,258,1474,39,3,110
"561",2005,"milwaukee_county",953864,608166,240015,109570,167166,61051,82570,27167
"562",2006,"milwaukee_county",953864,608166,240015,109570,167166,61051,82570,27167
"563",2007,"milwaukee_county",953864,608166,240015,109570,167166,61051,82570,27167
"564",2008,"milwaukee_county",953864,608166,240015,109570,167166,61051,82570,27167
"565",2009,"milwaukee_county",953864,608166,240015,109570,167166,61051,82570,27167
"566",2010,"milwaukee_county",937616,580652,248317,117045,176196,62489,88017,29788
"567",2011,"milwaukee_county",942006,588183,248913,121577,182820,68047,89720,31237
"568",2012,"milwaukee_county",946584,594961,250473,125377,193070,73403,93747,35046
"569",2013,"milwaukee_county",950527,593691,251082,128643,200497,76031,95333,38314
"570",2014,"milwaukee_county",953401,591716,251235,131473,203926,76143,96250,39737
"571",2015,"milwaukee_county",955939,591196,252367,134114,201124,75954,93878,40270
"572",2016,"milwaukee_county",955306,583848,252459,136609,198227,74435,90898,39767
"573",2017,"milwaukee_county",956586,579582,252712,139469,191973,71073,86517,38426
"574",2018,"milwaukee_county",954209,569806,252321,140575,185627,66445,83492,36754
"575",2005,"monroe_county",43016,41147,320,1271,5259,5070,40,370
"576",2006,"monroe_county",43016,41147,320,1271,5259,5070,40,370
"577",2007,"monroe_county",43016,41147,320,1271,5259,5070,40,370
"578",2008,"monroe_county",43016,41147,320,1271,5259,5070,40,370
"579",2009,"monroe_county",43016,41147,320,1271,5259,5070,40,370
"580",2010,"monroe_county",44053,41913,518,1518,6148,5828,58,567
"581",2011,"monroe_county",44427,42255,536,1609,6474,6098,56,524
"582",2012,"monroe_county",44714,42342,504,1648,6575,6127,53,476
"583",2013,"monroe_county",44953,42540,592,1701,6360,5865,51,453
"584",2014,"monroe_county",45116,42556,561,1746,6802,6213,50,504
"585",2015,"monroe_county",45274,42573,451,1795,6676,5963,69,541
"586",2016,"monroe_county",45365,42365,549,1825,6192,5522,64,457
"587",2017,"monroe_county",45303,42287,695,1881,5606,5129,54,418
"588",2018,"monroe_county",45502,42339,762,1983,5716,5309,46,463
"589",2005,"oconto_county",37278,36224,165,375,3870,3687,11,68
"590",2006,"oconto_county",37278,36224,165,375,3870,3687,11,68
"591",2007,"oconto_county",37278,36224,165,375,3870,3687,11,68
"592",2008,"oconto_county",37278,36224,165,375,3870,3687,11,68
"593",2009,"oconto_county",37278,36224,165,375,3870,3687,11,68
"594",2010,"oconto_county",37737,36624,130,471,4393,4139,7,121
"595",2011,"oconto_county",37683,36531,140,496,4334,4072,8,123
"596",2012,"oconto_county",37632,36406,69,527,4073,3753,7,121
"597",2013,"oconto_county",37531,36222,97,565,3775,3370,15,144
"598",2014,"oconto_county",37483,36125,95,588,3773,3393,9,165
"599",2015,"oconto_county",37476,36101,92,614,3466,3099,21,163
"600",2016,"oconto_county",37475,36103,89,618,3334,2993,14,192
"601",2017,"oconto_county",37465,36135,160,639,3356,3089,10,227
"602",2018,"oconto_county",37556,36265,156,650,3481,3235,8,149
"603",2005,"oneida_county",36257,35191,144,350,3349,3263,0,39
"604",2006,"oneida_county",36257,35191,144,350,3349,3263,0,39
"605",2007,"oneida_county",36257,35191,144,350,3349,3263,0,39
"606",2008,"oneida_county",36257,35191,144,350,3349,3263,0,39
"607",2009,"oneida_county",36257,35191,144,350,3349,3263,0,39
"608",2010,"oneida_county",36379,35328,161,412,3496,3325,27,112
"609",2011,"oneida_county",36194,35067,229,413,3874,3687,62,107
"610",2012,"oneida_county",36029,34890,172,396,3800,3639,59,96
"611",2013,"oneida_county",35868,34667,205,429,3744,3524,96,101
"612",2014,"oneida_county",35754,34550,229,450,3943,3661,128,141
"613",2015,"oneida_county",35653,34342,263,483,3632,3387,117,97
"614",2016,"oneida_county",35604,34265,247,483,3294,3035,139,30
"615",2017,"oneida_county",35352,34008,296,504,3113,2868,120,30
"616",2018,"oneida_county",35345,33996,261,517,2981,2622,102,22
"617",2005,"outagamie_county",173607,161449,1388,4734,13289,11050,406,1070
"618",2006,"outagamie_county",173607,161449,1388,4734,13289,11050,406,1070
"619",2007,"outagamie_county",173607,161449,1388,4734,13289,11050,406,1070
"620",2008,"outagamie_county",173607,161449,1388,4734,13289,11050,406,1070
"621",2009,"outagamie_county",173607,161449,1388,4734,13289,11050,406,1070
"622",2010,"outagamie_county",174457,161194,1499,5865,14615,11876,554,1501
"623",2011,"outagamie_county",175724,162509,1720,6140,14299,11783,703,1444
"624",2012,"outagamie_county",176777,162811,1882,6337,14997,12270,672,1654
"625",2013,"outagamie_county",178013,162695,1952,6617,15239,12125,539,1623
"626",2014,"outagamie_county",179139,162930,1891,6866,15578,12347,492,1714
"627",2015,"outagamie_county",180430,163324,2011,7093,15723,12186,568,1689
"628",2016,"outagamie_county",181799,164096,2076,7343,16096,12401,702,1547
"629",2017,"outagamie_county",183288,164765,2294,7663,15502,11539,776,1586
"630",2018,"outagamie_county",184754,165877,2529,7789,15545,11385,934,1656
"631",2005,"ozaukee_county",85554,81783,1175,1620,3443,3209,79,255
"632",2006,"ozaukee_county",85554,81783,1175,1620,3443,3209,79,255
"633",2007,"ozaukee_county",85554,81783,1175,1620,3443,3209,79,255
"634",2008,"ozaukee_county",85554,81783,1175,1620,3443,3209,79,255
"635",2009,"ozaukee_county",85554,81783,1175,1620,3443,3209,79,255
"636",2010,"ozaukee_county",85945,82002,1075,1904,3858,3617,95,318
"637",2011,"ozaukee_county",86180,82083,1237,1963,3987,3690,152,318
"638",2012,"ozaukee_county",86429,82127,1181,2000,3926,3593,178,273
"639",2013,"ozaukee_county",86708,82385,1171,2103,4478,4259,138,317
"640",2014,"ozaukee_county",86930,82399,1129,2182,4283,4043,150,143
"641",2015,"ozaukee_county",87273,82559,1191,2290,4467,4270,122,173
"642",2016,"ozaukee_county",87625,82717,1161,2327,4786,4649,50,286
"643",2017,"ozaukee_county",87817,82705,1203,2429,5087,4946,25,260
"644",2018,"ozaukee_county",88284,82714,1200,2526,4679,4502,65,283
"645",2005,"pepin_county",7361,7266,34,54,598,598,0,7
"646",2006,"pepin_county",7361,7266,34,54,598,598,0,7
"647",2007,"pepin_county",7361,7266,34,54,598,598,0,7
"648",2008,"pepin_county",7361,7266,34,54,598,598,0,7
"649",2009,"pepin_county",7361,7266,34,54,598,598,0,7
"650",2010,"pepin_county",7517,7397,33,77,695,695,0,8
"651",2011,"pepin_county",7491,7372,38,80,756,749,4,8
"652",2012,"pepin_county",7458,7337,34,77,769,760,3,29
"653",2013,"pepin_county",7417,7291,31,85,907,894,7,31
"654",2014,"pepin_county",7390,7247,28,91,970,944,13,37
"655",2015,"pepin_county",7372,7233,26,100,947,923,11,46
"656",2016,"pepin_county",7349,7208,26,114,965,936,12,57
"657",2017,"pepin_county",7282,7136,30,125,938,910,14,62
"658",2018,"pepin_county",7262,7119,28,121,903,864,16,54
"659",2005,"pierce_county",39708,38612,95,442,3448,3172,0,35
"660",2006,"pierce_county",39708,38612,95,442,3448,3172,0,35
"661",2007,"pierce_county",39708,38612,95,442,3448,3172,0,35
"662",2008,"pierce_county",39708,38612,95,442,3448,3172,0,35
"663",2009,"pierce_county",39708,38612,95,442,3448,3172,0,35
"664",2010,"pierce_county",40530,39312,350,598,3875,3612,81,78
"665",2011,"pierce_county",40703,39398,371,620,4001,3735,70,110
"666",2012,"pierce_county",40842,39516,234,632,4725,4304,58,125
"667",2013,"pierce_county",40870,39477,231,667,4738,4300,80,151
"668",2014,"pierce_county",40859,39473,234,702,4879,4465,79,165
"669",2015,"pierce_county",40799,39336,198,750,4615,4196,47,177
"670",2016,"pierce_county",40881,39465,209,759,4572,4150,63,139
"671",2017,"pierce_county",41226,39671,233,794,4132,3810,62,220
"672",2018,"pierce_county",41603,39925,188,826,3791,3667,26,185
"673",2005,"polk_county",44147,42839,165,455,3541,3190,51,35
"674",2006,"polk_county",44147,42839,165,455,3541,3190,51,35
"675",2007,"polk_county",44147,42839,165,455,3541,3190,51,35
"676",2008,"polk_county",44147,42839,165,455,3541,3190,51,35
"677",2009,"polk_county",44147,42839,165,455,3541,3190,51,35
"678",2010,"polk_county",44310,43036,131,609,4220,3846,39,117
"679",2011,"polk_county",44249,42950,136,636,4454,4052,48,118
"680",2012,"polk_county",44094,42729,146,658,4595,4209,55,120
"681",2013,"polk_county",43905,42442,141,688,4682,4286,43,151
"682",2014,"polk_county",43698,42126,161,706,4856,4468,43,155
"683",2015,"polk_county",43572,41956,169,735,4407,4090,38,145
"684",2016,"polk_county",43483,41878,170,782,4250,3909,49,159
"685",2017,"polk_county",43328,41758,133,810,4215,3849,38,158
"686",2018,"polk_county",43349,41757,194,818,4190,3837,34,151
"687",2005,"portage_county",68434,64804,257,1316,8637,7419,12,348
"688",2006,"portage_county",68434,64804,257,1316,8637,7419,12,348
"689",2007,"portage_county",68434,64804,257,1316,8637,7419,12,348
"690",2008,"portage_county",68434,64804,257,1316,8637,7419,12,348
"691",2009,"portage_county",68434,64804,257,1316,8637,7419,12,348
"692",2010,"portage_county",69437,65575,261,1748,7924,6840,0,464
"693",2011,"portage_county",69754,65849,256,1834,8402,7580,17,618
"694",2012,"portage_county",70027,66145,214,1883,8945,8067,32,786
"695",2013,"portage_county",70136,66119,363,1935,9137,8171,46,800
"696",2014,"portage_county",70337,66246,469,2000,9861,8827,38,861
"697",2015,"portage_county",70432,66232,434,2073,10095,8952,78,897
"698",2016,"portage_county",70551,66118,488,2082,9454,8244,93,796
"699",2017,"portage_county",70371,65850,504,2142,8757,7645,95,639
"700",2018,"portage_county",70599,65756,512,2224,8427,7306,109,515
"701",2005,"price_county",14564,14217,55,146,1562,1493,37,52
"702",2006,"price_county",14564,14217,55,146,1562,1493,37,52
"703",2007,"price_county",14564,14217,55,146,1562,1493,37,52
"704",2008,"price_county",14564,14217,55,146,1562,1493,37,52
"705",2009,"price_county",14564,14217,55,146,1562,1493,37,52
"706",2010,"price_county",14452,14135,39,227,1665,1578,17,55
"707",2011,"price_county",14276,13952,23,234,1813,1712,18,64
"708",2012,"price_county",14141,13729,37,155,1961,1811,29,58
"709",2013,"price_county",14025,13612,42,173,2184,2032,33,72
"710",2014,"price_county",13888,13469,12,190,1879,1734,2,66
"711",2015,"price_county",13800,13355,48,202,1860,1758,3,95
"712",2016,"price_county",13707,13236,68,207,1724,1612,18,29
"713",2017,"price_county",13566,12990,97,221,1582,1465,28,53
"714",2018,"price_county",13490,12913,102,239,1566,1442,27,59
"715",2005,"racine_county",199147,164400,20598,20007,20887,12392,5729,4047
"716",2006,"racine_county",199147,164400,20598,20007,20887,12392,5729,4047
"717",2007,"racine_county",199147,164400,20598,20007,20887,12392,5729,4047
"718",2008,"racine_county",199147,164400,20598,20007,20887,12392,5729,4047
"719",2009,"racine_county",199147,164400,20598,20007,20887,12392,5729,4047
"720",2010,"racine_county",194736,157571,20930,21155,21734,12424,6028,4304
"721",2011,"racine_county",195029,158233,20995,21846,22085,12499,6591,4125
"722",2012,"racine_county",195024,158827,20736,22474,23892,13709,6912,5016
"723",2013,"racine_county",195045,158205,21038,23028,25333,14250,7439,5802
"724",2014,"racine_county",195039,157494,21375,23487,25174,15016,6422,5809
"725",2015,"racine_county",194895,157544,21574,23900,23768,13915,5964,6089
"726",2016,"racine_county",194873,156176,21450,24266,23751,13845,6251,6148
"727",2017,"racine_county",195101,156503,21450,24763,22623,13365,6089,5262
"728",2018,"racine_county",195398,157639,21852,25142,22913,13830,6335,4451
"729",2005,"richland_county",17991,17622,27,230,2000,1910,6,48
"730",2006,"richland_county",17991,17622,27,230,2000,1910,6,48
"731",2007,"richland_county",17991,17622,27,230,2000,1910,6,48
"732",2008,"richland_county",17991,17622,27,230,2000,1910,6,48
"733",2009,"richland_county",17991,17622,27,230,2000,1910,6,48
"734",2010,"richland_county",18205,17774,33,306,2071,1999,2,55
"735",2011,"richland_county",18144,17664,60,343,1857,1791,0,31
"736",2012,"richland_county",18020,17502,86,366,1975,1861,0,75
"737",2013,"richland_county",17911,17243,144,382,2248,2095,10,93
"738",2014,"richland_county",17842,17167,159,400,2503,2267,8,153
"739",2015,"richland_county",17746,17115,129,390,2609,2323,25,213
"740",2016,"richland_county",17642,16983,139,382,2373,2045,48,188
"741",2017,"richland_county",17626,16925,158,385,2349,2086,51,123
"742",2018,"richland_county",17539,16753,97,393,2377,2036,50,167
"743",2005,"rock_county",158829,143364,7198,9647,16943,12520,2336,2940
"744",2006,"rock_county",158829,143364,7198,9647,16943,12520,2336,2940
"745",2007,"rock_county",158829,143364,7198,9647,16943,12520,2336,2940
"746",2008,"rock_county",158829,143364,7198,9647,16943,12520,2336,2940
"747",2009,"rock_county",158829,143364,7198,9647,16943,12520,2336,2940
"748",2010,"rock_county",159964,143441,7919,11195,19376,13637,3223,3323
"749",2011,"rock_county",160270,143849,7608,11705,20764,14949,3398,3353
"750",2012,"rock_county",160356,144904,6268,12092,21214,15885,2572,3420
"751",2013,"rock_county",160345,144920,5846,12349,22420,16893,2478,3324
"752",2014,"rock_county",160465,144870,5640,12685,23289,17663,2525,4021
"753",2015,"rock_county",160727,144840,5612,12998,23498,18031,2253,4205
"754",2016,"rock_county",160986,143993,5568,13213,23215,17969,1967,4464
"755",2017,"rock_county",161226,143279,7120,13573,22550,16918,2666,4395
"756",2018,"rock_county",161769,142557,7081,13782,21507,16320,2510,4286
"757",2005,"rusk_county",14472,14103,108,147,2258,2174,17,44
"758",2006,"rusk_county",14472,14103,108,147,2258,2174,17,44
"759",2007,"rusk_county",14472,14103,108,147,2258,2174,17,44
"760",2008,"rusk_county",14472,14103,108,147,2258,2174,17,44
"761",2009,"rusk_county",14472,14103,108,147,2258,2174,17,44
"762",2010,"rusk_county",14855,14511,98,155,2380,2305,10,63
"763",2011,"rusk_county",14791,14428,103,164,2471,2377,12,43
"764",2012,"rusk_county",14670,14296,91,172,2530,2430,6,40
"765",2013,"rusk_county",14571,14172,88,188,2673,2517,39,38
"766",2014,"rusk_county",14468,14054,104,206,2542,2366,32,64
"767",2015,"rusk_county",14357,13906,141,217,2252,2093,55,32
"768",2016,"rusk_county",14272,13814,144,229,2225,2061,57,60
"769",2017,"rusk_county",14211,13694,148,252,2118,1928,81,63
"770",2018,"rusk_county",14183,13637,140,259,1962,1774,64,70
"771",2005,"sauk_county",58239,55728,352,1479,4771,4317,33,368
"772",2006,"sauk_county",58239,55728,352,1479,4771,4317,33,368
"773",2007,"sauk_county",58239,55728,352,1479,4771,4317,33,368
"774",2008,"sauk_county",58239,55728,352,1479,4771,4317,33,368
"775",2009,"sauk_county",58239,55728,352,1479,4771,4317,33,368
"776",2010,"sauk_county",60957,57408,454,2301,5672,4797,40,805
"777",2011,"sauk_county",61504,57646,342,2470,5864,4974,24,864
"778",2012,"sauk_county",61953,58210,324,2618,5928,5117,27,823
"779",2013,"sauk_county",62353,58515,297,2787,6647,5616,23,1008
"780",2014,"sauk_county",62681,59171,330,2880,7559,6485,71,1053
"781",2015,"sauk_county",62992,60001,337,2962,7656,6858,78,760
"782",2016,"sauk_county",63317,60137,390,3011,6933,6199,97,752
"783",2017,"sauk_county",63340,59704,444,3060,7062,6435,57,612
"784",2018,"sauk_county",63596,60031,513,3128,6520,6065,75,448
"785",2005,"sawyer_county",16909,13700,12,289,3265,2006,6,137
"786",2006,"sawyer_county",16909,13700,12,289,3265,2006,6,137
"787",2007,"sawyer_county",16909,13700,12,289,3265,2006,6,137
"788",2008,"sawyer_county",16909,13700,12,289,3265,2006,6,137
"789",2009,"sawyer_county",16909,13700,12,289,3265,2006,6,137
"790",2010,"sawyer_county",16615,13268,8,250,3276,1874,0,81
"791",2011,"sawyer_county",16610,13229,31,256,3066,1775,5,69
"792",2012,"sawyer_county",16580,13131,39,267,3169,1857,4,64
"793",2013,"sawyer_county",16542,13082,113,299,3046,1718,34,137
"794",2014,"sawyer_county",16516,12968,119,317,2861,1593,45,109
"795",2015,"sawyer_county",16483,12893,114,341,2673,1592,47,91
"796",2016,"sawyer_county",16438,12771,109,373,2623,1417,36,117
"797",2017,"sawyer_county",16384,12658,109,405,2825,1464,50,124
"798",2018,"sawyer_county",16370,12625,89,427,2760,1424,21,133
"799",2005,"shawano_county",41066,37208,167,795,4622,3757,29,393
"800",2006,"shawano_county",41066,37208,167,795,4622,3757,29,393
"801",2007,"shawano_county",41066,37208,167,795,4622,3757,29,393
"802",2008,"shawano_county",41066,37208,167,795,4622,3757,29,393
"803",2009,"shawano_county",41066,37208,167,795,4622,3757,29,393
"804",2010,"shawano_county",41842,37596,187,869,4872,3943,9,376
"805",2011,"shawano_county",41866,37500,245,908,4618,3685,34,356
"806",2012,"shawano_county",41820,37337,163,919,4663,3796,27,365
"807",2013,"shawano_county",41776,37239,143,964,4704,3865,28,429
"808",2014,"shawano_county",41697,37193,147,997,4706,3850,21,384
"809",2015,"shawano_county",41563,37163,120,1068,4451,3576,41,410
"810",2016,"shawano_county",41384,37041,133,1041,4594,3753,28,403
"811",2017,"shawano_county",41136,36806,119,1079,4618,3671,17,363
"812",2018,"shawano_county",41009,36549,154,1119,4071,3212,10,238
"813",2005,"sheboygan_county",114122,103423,1577,5639,8484,6565,296,2062
"814",2006,"sheboygan_county",114122,103423,1577,5639,8484,6565,296,2062
"815",2007,"sheboygan_county",114122,103423,1577,5639,8484,6565,296,2062
"816",2008,"sheboygan_county",114122,103423,1577,5639,8484,6565,296,2062
"817",2009,"sheboygan_county",114122,103423,1577,5639,8484,6565,296,2062
"818",2010,"sheboygan_county",115328,103839,1885,5956,9342,6982,475,2162
"819",2011,"sheboygan_county",115401,104665,1756,6154,9153,7760,326,1684
"820",2012,"sheboygan_county",115377,104972,1675,6300,9805,8141,362,1934
"821",2013,"sheboygan_county",115235,104703,1701,6464,10649,8513,389,2148
"822",2014,"sheboygan_county",115168,104283,1720,6612,10430,8113,383,1777
"823",2015,"sheboygan_county",115226,103922,1644,6777,10348,8122,353,1553
"824",2016,"sheboygan_county",115269,103755,1760,6888,9942,7766,299,1507
"825",2017,"sheboygan_county",115094,102914,1880,7085,9153,7381,190,1250
"826",2018,"sheboygan_county",115205,102818,2129,7168,8540,6813,172,1027
"827",2005,"st._croix_county",80550,77587,615,1102,4663,4276,107,224
"828",2006,"st._croix_county",80550,77587,615,1102,4663,4276,107,224
"829",2007,"st._croix_county",80550,77587,615,1102,4663,4276,107,224
"830",2008,"st._croix_county",80550,77587,615,1102,4663,4276,107,224
"831",2009,"st._croix_county",80550,77587,615,1102,4663,4276,107,224
"832",2010,"st._croix_county",82636,79425,679,1525,5267,4923,115,340
"833",2011,"st._croix_county",83657,80249,710,1621,5867,5287,123,384
"834",2012,"st._croix_county",84363,80991,660,1677,6222,5534,81,441
"835",2013,"st._croix_county",84912,81591,653,1745,6405,5686,92,486
"836",2014,"st._croix_county",85442,82084,627,1821,5784,5058,105,475
"837",2015,"st._croix_county",86118,82800,633,1873,5502,4751,122,443
"838",2016,"st._croix_county",86726,83534,703,1891,4851,4314,107,114
"839",2017,"st._croix_county",87142,83819,758,1972,4103,3698,85,69
"840",2018,"st._croix_county",87917,84262,672,2023,3874,3619,97,65
"841",2005,"taylor_county",19324,18904,20,206,2290,2214,4,57
"842",2006,"taylor_county",19324,18904,20,206,2290,2214,4,57
"843",2007,"taylor_county",19324,18904,20,206,2290,2214,4,57
"844",2008,"taylor_county",19324,18904,20,206,2290,2214,4,57
"845",2009,"taylor_county",19324,18904,20,206,2290,2214,4,57
"846",2010,"taylor_county",20557,20179,12,270,2510,2456,4,48
"847",2011,"taylor_county",20615,20234,32,297,2540,2485,4,56
"848",2012,"taylor_county",20631,20252,65,324,2759,2675,12,55
"849",2013,"taylor_county",20633,20276,84,334,2827,2744,10,70
"850",2014,"taylor_county",20596,20246,79,341,2626,2555,7,96
"851",2015,"taylor_county",20569,20116,100,342,2527,2440,5,107
"852",2016,"taylor_county",20521,20056,77,358,2511,2415,4,84
"853",2017,"taylor_county",20344,19889,94,368,2190,2113,0,71
"854",2018,"taylor_county",20356,19841,101,404,2009,1904,0,62
"855",2005,"trempealeau_county",27675,26789,91,611,2764,2525,5,230
"856",2006,"trempealeau_county",27675,26789,91,611,2764,2525,5,230
"857",2007,"trempealeau_county",27675,26789,91,611,2764,2525,5,230
"858",2008,"trempealeau_county",27675,26789,91,611,2764,2525,5,230
"859",2009,"trempealeau_county",27675,26789,91,611,2764,2525,5,230
"860",2010,"trempealeau_county",28523,27140,108,1274,3212,2784,32,445
"861",2011,"trempealeau_county",28668,27274,108,1436,3370,3038,33,396
"862",2012,"trempealeau_county",28853,27434,76,1615,3382,2968,22,452
"863",2013,"trempealeau_county",29098,27713,110,1732,3386,2911,43,487
"864",2014,"trempealeau_county",29274,27707,125,1824,3469,2797,60,636
"865",2015,"trempealeau_county",29412,27493,137,1941,3078,2509,30,494
"866",2016,"trempealeau_county",29521,27543,124,2074,2804,2262,25,433
"867",2017,"trempealeau_county",29510,27328,143,2247,2605,2204,50,309
"868",2018,"trempealeau_county",29438,27192,154,2340,2480,2170,45,238
"869",2005,"vernon_county",28988,28463,67,313,4351,4209,42,87
"870",2006,"vernon_county",28988,28463,67,313,4351,4209,42,87
"871",2007,"vernon_county",28988,28463,67,313,4351,4209,42,87
"872",2008,"vernon_county",28988,28463,67,313,4351,4209,42,87
"873",2009,"vernon_county",28988,28463,67,313,4351,4209,42,87
"874",2010,"vernon_county",29460,28834,67,339,3950,3702,34,52
"875",2011,"vernon_county",29630,28899,89,368,4266,4016,30,90
"876",2012,"vernon_county",29827,29078,96,398,4480,4247,26,138
"877",2013,"vernon_county",30002,29231,112,425,4287,4061,16,146
"878",2014,"vernon_county",30124,29338,118,448,4721,4427,25,167
"879",2015,"vernon_county",30279,29459,152,467,4757,4524,39,173
"880",2016,"vernon_county",30442,29612,141,463,4882,4679,18,168
"881",2017,"vernon_county",30378,29527,135,476,4966,4753,34,131
"882",2018,"vernon_county",30516,29680,79,476,4995,4814,22,134
"883",2005,"vilas_county",21846,19358,68,294,2316,1588,0,61
"884",2006,"vilas_county",21846,19358,68,294,2316,1588,0,61
"885",2007,"vilas_county",21846,19358,68,294,2316,1588,0,61
"886",2008,"vilas_county",21846,19358,68,294,2316,1588,0,61
"887",2009,"vilas_county",21846,19358,68,294,2316,1588,0,61
"888",2010,"vilas_county",21750,19137,116,225,2565,1780,32,40
"889",2011,"vilas_county",21637,18949,106,245,2759,1964,31,53
"890",2012,"vilas_county",21489,18789,184,277,2973,2013,86,24
"891",2013,"vilas_county",21401,18643,99,301,2807,1842,29,31
"892",2014,"vilas_county",21368,18531,102,341,3033,1992,32,56
"893",2015,"vilas_county",21355,18487,85,379,3047,2057,0,59
"894",2016,"vilas_county",21373,18471,59,430,3098,2088,0,39
"895",2017,"vilas_county",21465,18593,54,474,3240,2220,0,80
"896",2018,"vilas_county",21593,18733,81,534,2910,2072,0,59
"897",2005,"walworth_county",100069,93681,733,8853,10578,9492,187,1651
"898",2006,"walworth_county",100069,93681,733,8853,10578,9492,187,1651
"899",2007,"walworth_county",100069,93681,733,8853,10578,9492,187,1651
"900",2008,"walworth_county",100069,93681,733,8853,10578,9492,187,1651
"901",2009,"walworth_county",100069,93681,733,8853,10578,9492,187,1651
"902",2010,"walworth_county",101735,95283,997,9832,11602,10335,324,2474
"903",2011,"walworth_county",102147,95372,1041,10204,11744,10332,330,2399
"904",2012,"walworth_county",102310,95486,982,10526,12674,11109,279,2623
"905",2013,"walworth_county",102619,96303,925,10807,13306,11798,226,2651
"906",2014,"walworth_county",102920,96486,1004,11020,13570,12195,217,2593
"907",2015,"walworth_county",103039,96363,1043,11228,13499,12009,300,2233
"908",2016,"walworth_county",103021,96192,1091,11224,12885,11404,335,2206
"909",2017,"walworth_county",102917,96362,1172,11373,12405,11042,338,2231
"910",2018,"walworth_county",103013,96114,1037,11372,11689,10182,301,1964
"911",2005,"washburn_county",16583,16041,157,185,2009,1948,0,7
"912",2006,"washburn_county",16583,16041,157,185,2009,1948,0,7
"913",2007,"washburn_county",16583,16041,157,185,2009,1948,0,7
"914",2008,"washburn_county",16583,16041,157,185,2009,1948,0,7
"915",2009,"washburn_county",16583,16041,157,185,2009,1948,0,7
"916",2010,"washburn_county",16001,15413,114,67,1967,1894,0,6
"917",2011,"washburn_county",15965,15477,83,202,1897,1831,0,23
"918",2012,"washburn_county",15893,15347,53,215,2015,1907,0,56
"919",2013,"washburn_county",15842,15231,70,230,2142,1986,9,107
"920",2014,"washburn_county",15785,15111,73,241,2020,1879,24,90
"921",2015,"washburn_county",15700,14999,84,251,2022,1849,25,81
"922",2016,"washburn_county",15685,14989,82,255,1976,1786,25,93
"923",2017,"washburn_county",15638,14995,82,267,2000,1852,36,58
"924",2018,"washburn_county",15689,14994,68,279,2050,1852,30,77
"925",2005,"washington_county",128046,123603,1051,2529,6689,6293,57,283
"926",2006,"washington_county",128046,123603,1051,2529,6689,6293,57,283
"927",2007,"washington_county",128046,123603,1051,2529,6689,6293,57,283
"928",2008,"washington_county",128046,123603,1051,2529,6689,6293,57,283
"929",2009,"washington_county",128046,123603,1051,2529,6689,6293,57,283
"930",2010,"washington_county",130206,125600,1100,3078,6970,6558,153,434
"931",2011,"washington_county",131190,126409,1284,3247,6899,6504,146,513
"932",2012,"washington_county",131840,126726,1321,3391,7035,6477,168,684
"933",2013,"washington_county",132186,127128,1256,3561,8240,7611,196,891
"934",2014,"washington_county",132526,127150,1392,3722,8093,7342,199,1045
"935",2015,"washington_county",132921,127321,1377,3853,7375,6705,189,687
"936",2016,"washington_county",133422,127480,1447,3966,7486,6816,177,616
"937",2017,"washington_county",133967,127937,1514,4127,7320,6815,90,463
"938",2018,"washington_county",134535,127736,1647,4181,6465,5707,283,466
"939",2005,"waukesha_county",378848,356641,5240,13172,15248,13546,911,1712
"940",2006,"waukesha_county",378848,356641,5240,13172,15248,13546,911,1712
"941",2007,"waukesha_county",378848,356641,5240,13172,15248,13546,911,1712
"942",2008,"waukesha_county",378848,356641,5240,13172,15248,13546,911,1712
"943",2009,"waukesha_county",378848,356641,5240,13172,15248,13546,911,1712
"944",2010,"waukesha_county",386130,362765,4591,14895,16865,15007,794,2402
"945",2011,"waukesha_county",388125,364113,4826,15547,17974,15558,772,2295
"946",2012,"waukesha_county",389740,365185,4949,16200,19145,16578,750,2213
"947",2013,"waukesha_county",391200,365488,5067,16752,20818,17606,1079,2786
"948",2014,"waukesha_county",392511,365554,5121,17225,21690,18010,1456,2813
"949",2015,"waukesha_county",393873,365833,5605,17660,20433,17004,1479,2521
"950",2016,"waukesha_county",395377,366591,5709,17775,20167,16798,1471,2315
"951",2017,"waukesha_county",396731,367228,6000,18194,19634,16311,1439,2285
"952",2018,"waukesha_county",398879,368232,6400,18469,19190,15974,1375,2151
"953",2005,"waupaca_county",51914,50547,99,1000,5021,4748,17,165
"954",2006,"waupaca_county",51914,50547,99,1000,5021,4748,17,165
"955",2007,"waupaca_county",51914,50547,99,1000,5021,4748,17,165
"956",2008,"waupaca_county",51914,50547,99,1000,5021,4748,17,165
"957",2009,"waupaca_county",51914,50547,99,1000,5021,4748,17,165
"958",2010,"waupaca_county",52533,51226,303,1210,5376,5094,6,218
"959",2011,"waupaca_county",52552,51163,328,1259,5237,4924,25,183
"960",2012,"waupaca_county",52377,51003,278,1302,5344,5050,23,239
"961",2013,"waupaca_county",52300,50806,312,1368,5363,4945,29,219
"962",2014,"waupaca_county",52212,50687,347,1433,5259,4949,29,192
"963",2015,"waupaca_county",52125,50515,230,1477,5232,4824,39,275
"964",2016,"waupaca_county",51974,50292,223,1497,5327,4826,66,257
"965",2017,"waupaca_county",51651,49870,240,1548,5506,4886,96,233
"966",2018,"waupaca_county",51444,49559,291,1572,5303,4798,68,238
"967",2005,"waushara_county",24660,23357,478,1282,2947,2823,10,306
"968",2006,"waushara_county",24660,23357,478,1282,2947,2823,10,306
"969",2007,"waushara_county",24660,23357,478,1282,2947,2823,10,306
"970",2008,"waushara_county",24660,23357,478,1282,2947,2823,10,306
"971",2009,"waushara_county",24660,23357,478,1282,2947,2823,10,306
"972",2010,"waushara_county",24631,23423,482,1220,3054,2967,6,242
"973",2011,"waushara_county",24614,23336,478,1292,3091,2911,68,246
"974",2012,"waushara_county",24565,23301,459,1366,2857,2675,70,196
"975",2013,"waushara_county",24483,23153,462,1428,2681,2510,82,168
"976",2014,"waushara_county",24409,23035,464,1475,2599,2340,52,209
"977",2015,"waushara_county",24321,22966,447,1514,2385,2123,50,230
"978",2016,"waushara_county",24238,22695,383,1506,2646,2295,45,316
"979",2017,"waushara_county",24170,22545,404,1548,2538,2228,23,347
"980",2018,"waushara_county",24116,22425,435,1524,2580,2241,10,405
"981",2005,"winnebago_county",161386,151245,2442,4831,14879,13475,186,750
"982",2006,"winnebago_county",161386,151245,2442,4831,14879,13475,186,750
"983",2007,"winnebago_county",161386,151245,2442,4831,14879,13475,186,750
"984",2008,"winnebago_county",161386,151245,2442,4831,14879,13475,186,750
"985",2009,"winnebago_county",161386,151245,2442,4831,14879,13475,186,750
"986",2010,"winnebago_county",165032,153769,2692,5344,16297,14570,421,746
"987",2011,"winnebago_county",166033,154734,2815,5583,17460,15329,475,1151
"988",2012,"winnebago_county",166984,155527,2894,5793,18067,15835,676,1135
"989",2013,"winnebago_county",167860,156218,2913,6001,19475,17057,626,1052
"990",2014,"winnebago_county",168413,156006,3077,6193,19961,17370,633,1588
"991",2015,"winnebago_county",169004,156404,3450,6451,19209,16762,706,1731
"992",2016,"winnebago_county",169487,156765,3559,6510,19573,16836,1045,1584
"993",2017,"winnebago_county",169540,156698,3602,6654,19750,17041,1012,1569
"994",2018,"winnebago_county",169926,156571,3829,6789,19184,16562,1165,1325
"995",2005,"wood_county",74023,70910,329,991,5631,5224,50,246
"996",2006,"wood_county",74023,70910,329,991,5631,5224,50,246
"997",2007,"wood_county",74023,70910,329,991,5631,5224,50,246
"998",2008,"wood_county",74023,70910,329,991,5631,5224,50,246
"999",2009,"wood_county",74023,70910,329,991,5631,5224,50,246
"1000",2010,"wood_county",74601,71420,367,1477,6163,5575,91,333
"1001",2011,"wood_county",74641,71432,363,1560,7385,6794,94,348
"1002",2012,"wood_county",74591,71322,359,1649,7399,6809,98,365
"1003",2013,"wood_county",74469,71067,320,1756,8102,7408,72,309
"1004",2014,"wood_county",74261,70690,364,1842,8216,7517,109,406
"1005",2015,"wood_county",74012,70309,394,1948,7996,7437,80,341
"1006",2016,"wood_county",73621,69994,522,1962,7715,7185,101,410
"1007",2017,"wood_county",73427,69364,484,2054,8037,7446,87,428
"1008",2018,"wood_county",73274,69042,444,2122,7488,6966,120,447
